4.999999999999999289e+01,0.000000000000000000e+00,1.000000000000000000e+02,0.000000000000000000e+00,0.000000000000000000e+00,1.000000000000000056e-01,1.000000000000000056e-01,0.000000000000000000e+00,0.000000000000000000e+00,0.000000000000000000e+00,0.000000000000000000e+00,0.000000000000000000e+00,0.000000000000000000e+00,1.873817422860384885e-01,0.000000000000000000e+00,1.80E-01,4.31E-12,0.18000000000431
4.999999999999999289e+01,0.000000000000000000e+00,1.000000000000000000e+02,0.000000000000000000e+00,0.000000000000000000e+00,1.000000000000000056e-01,1.000000000000000056e-01,0.000000000000000000e+00,0.000000000000000000e+00,0.000000000000000000e+00,0.000000000000000000e+00,0.000000000000000000e+00,0.000000000000000000e+00,2.056512308348653617e-01,0.000000000000000000e+00,1.80E-01,3.60E-12,0.1800000000036
4.999999999999999289e+01,0.000000000000000000e+00,1.000000000000000000e+02,0.000000000000000000e+00,0.000000000000000000e+00,1.000000000000000056e-01,1.000000000000000056e-01,0.000000000000000000e+00,0.000000000000000000e+00,0.000000000000000000e+00,0.000000000000000000e+00,0.000000000000000000e+00,0.000000000000000000e+00,2.257019719633921451e-01,0.000000000000000000e+00,1.80E-01,3.01E-12,0.18000000000301
4.999999999999999289e+01,0.000000000000000000e+00,1.000000000000000000e+02,0.000000000000000000e+00,0.000000000000000000e+00,1.000000000000000056e-01,1.000000000000000056e-01,0.000000000000000000e+00,0.000000000000000000e+00,0.000000000000000000e+00,0.000000000000000000e+00,0.000000000000000000e+00,0.000000000000000000e+00,2.477076355991711387e-01,0.000000000000000000e+00,1.80E-01,2.51E-12,0.18000000000250999
4.999999999999999289e+01,0.000000000000000000e+00,1.000000000000000000e+02,0.000000000000000000e+00,0.000000000000000000e+00,1.000000000000000056e-01,1.000000000000000056e-01,0.000000000000000000e+00,0.000000000000000000e+00,0.000000000000000000e+00,0.000000000000000000e+00,0.000000000000000000e+00,0.000000000000000000e+00,2.718588242732942750e-01,0.000000000000000000e+00,1.80E-01,2.10E-12,0.18000000000209998
4.999999999999999289e+01,0.000000000000000000e+00,1.000000000000000000e+02,0.000000000000000000e+00,0.000000000000000000e+00,1.000000000000000056e-01,1.000000000000000056e-01,0.000000000000000000e+00,0.000000000000000000e+00,0.000000000000000000e+00,0.000000000000000000e+00,0.000000000000000000e+00,0.000000000000000000e+00,2.983647240283340274e-01,0.000000000000000000e+00,1.80E-01,1.75E-12,0.18000000000174998
4.999999999999999289e+01,0.000000000000000000e+00,1.000000000000000000e+02,0.000000000000000000e+00,0.000000000000000000e+00,1.000000000000000056e-01,1.000000000000000056e-01,0.000000000000000000e+00,0.000000000000000000e+00,0.000000000000000000e+00,0.000000000000000000e+00,0.000000000000000000e+00,0.000000000000000000e+00,3.274549162877731789e-01,0.000000000000000000e+00,1.80E-01,1.46E-12,0.18000000000146
4.999999999999999289e+01,0.000000000000000000e+00,1.000000000000000000e+02,0.000000000000000000e+00,0.000000000000000000e+00,1.000000000000000056e-01,1.000000000000000056e-01,0.000000000000000000e+00,0.000000000000000000e+00,0.000000000000000000e+00,0.000000000000000000e+00,0.000000000000000000e+00,0.000000000000000000e+00,3.593813663804629188e-01,0.000000000000000000e+00,1.80E-01,1.22E-12,0.18000000000122
4.999999999999999289e+01,0.000000000000000000e+00,1.000000000000000000e+02,0.000000000000000000e+00,0.000000000000000000e+00,1.000000000000000056e-01,1.000000000000000056e-01,0.000000000000000000e+00,0.000000000000000000e+00,0.000000000000000000e+00,0.000000000000000000e+00,0.000000000000000000e+00,0.000000000000000000e+00,3.944206059437659895e-01,0.000000000000000000e+00,1.80E-01,1.02E-12,0.18000000000101998
4.999999999999999289e+01,0.000000000000000000e+00,1.000000000000000000e+02,0.000000000000000000e+00,0.000000000000000000e+00,1.000000000000000056e-01,1.000000000000000056e-01,0.000000000000000000e+00,0.000000000000000000e+00,0.000000000000000000e+00,0.000000000000000000e+00,0.000000000000000000e+00,0.000000000000000000e+00,4.328761281083061685e-01,0.000000000000000000e+00,1.80E-01,8.54E-13,0.180000000000854
4.999999999999999289e+01,0.000000000000000000e+00,1.000000000000000000e+02,0.000000000000000000e+00,0.000000000000000000e+00,1.000000000000000056e-01,1.000000000000000056e-01,0.000000000000000000e+00,0.000000000000000000e+00,0.000000000000000000e+00,0.000000000000000000e+00,0.000000000000000000e+00,0.000000000000000000e+00,4.750810162102798162e-01,0.000000000000000000e+00,1.80E-01,7.13E-13,0.180000000000713
4.999999999999999289e+01,0.000000000000000000e+00,1.000000000000000000e+02,0.000000000000000000e+00,0.000000000000000000e+00,1.000000000000000056e-01,1.000000000000000056e-01,0.000000000000000000e+00,0.000000000000000000e+00,0.000000000000000000e+00,0.000000000000000000e+00,0.000000000000000000e+00,0.000000000000000000e+00,5.214008287999689628e-01,0.000000000000000000e+00,1.80E-01,5.96E-13,0.180000000000596
4.999999999999999289e+01,0.000000000000000000e+00,1.000000000000000000e+02,0.000000000000000000e+00,0.000000000000000000e+00,1.000000000000000056e-01,1.000000000000000056e-01,0.000000000000000000e+00,0.000000000000000000e+00,0.000000000000000000e+00,0.000000000000000000e+00,0.000000000000000000e+00,0.000000000000000000e+00,5.722367659350220404e-01,0.000000000000000000e+00,1.80E-01,4.98E-13,0.18000000000049798
4.999999999999999289e+01,0.000000000000000000e+00,1.000000000000000000e+02,0.000000000000000000e+00,0.000000000000000000e+00,1.000000000000000056e-01,1.000000000000000056e-01,0.000000000000000000e+00,0.000000000000000000e+00,0.000000000000000000e+00,0.000000000000000000e+00,0.000000000000000000e+00,0.000000000000000000e+00,6.280291441834259247e-01,0.000000000000000000e+00,1.80E-01,4.16E-13,0.180000000000416
4.999999999999999289e+01,0.000000000000000000e+00,1.000000000000000000e+02,0.000000000000000000e+00,0.000000000000000000e+00,1.000000000000000056e-01,1.000000000000000056e-01,0.000000000000000000e+00,0.000000000000000000e+00,0.000000000000000000e+00,0.000000000000000000e+00,0.000000000000000000e+00,0.000000000000000000e+00,6.892612104349702395e-01,0.000000000000000000e+00,1.80E-01,3.48E-13,0.180000000000348
4.999999999999999289e+01,0.000000000000000000e+00,1.000000000000000000e+02,0.000000000000000000e+00,0.000000000000000000e+00,1.000000000000000056e-01,1.000000000000000056e-01,0.000000000000000000e+00,0.000000000000000000e+00,0.000000000000000000e+00,0.000000000000000000e+00,0.000000000000000000e+00,0.000000000000000000e+00,7.564633275546290836e-01,0.000000000000000000e+00,1.80E-01,2.90E-13,0.18000000000028998
4.999999999999999289e+01,0.000000000000000000e+00,1.000000000000000000e+02,0.000000000000000000e+00,0.000000000000000000e+00,1.000000000000000056e-01,1.000000000000000056e-01,0.000000000000000000e+00,0.000000000000000000e+00,0.000000000000000000e+00,0.000000000000000000e+00,0.000000000000000000e+00,0.000000000000000000e+00,8.302175681319752254e-01,0.000000000000000000e+00,1.80E-01,2.43E-13,0.180000000000243
4.999999999999999289e+01,0.000000000000000000e+00,1.000000000000000000e+02,0.000000000000000000e+00,0.000000000000000000e+00,1.000000000000000056e-01,1.000000000000000056e-01,0.000000000000000000e+00,0.000000000000000000e+00,0.000000000000000000e+00,0.000000000000000000e+00,0.000000000000000000e+00,0.000000000000000000e+00,9.111627561154895805e-01,0.000000000000000000e+00,1.80E-01,2.03E-13,0.180000000000203
4.999999999999999289e+01,0.000000000000000000e+00,1.000000000000000000e+02,0.000000000000000000e+00,0.000000000000000000e+00,1.000000000000000056e-01,1.000000000000000056e-01,0.000000000000000000e+00,0.000000000000000000e+00,0.000000000000000000e+00,0.000000000000000000e+00,0.000000000000000000e+00,0.000000000000000000e+00,1.000000000000000000e+00,0.000000000000000000e+00,1.80E-01,1.69E-13,0.180000000000169
4.999999999999999289e+01,0.000000000000000000e+00,7.500000000000001137e+02,0.000000000000000000e+00,0.000000000000000000e+00,1.000000000000000056e-01,1.000000000000000056e-01,0.000000000000000000e+00,0.000000000000000000e+00,0.000000000000000000e+00,0.000000000000000000e+00,0.000000000000000000e+00,0.000000000000000000e+00,1.000000000000000048e-04,0.000000000000000000e+00,1.80E-01,4.27E-04,0.180427
4.999999999999999289e+01,0.000000000000000000e+00,7.500000000000001137e+02,0.000000000000000000e+00,0.000000000000000000e+00,1.000000000000000056e-01,1.000000000000000056e-01,0.000000000000000000e+00,0.000000000000000000e+00,0.000000000000000000e+00,0.000000000000000000e+00,0.000000000000000000e+00,0.000000000000000000e+00,1.097498765493055609e-04,0.000000000000000000e+00,1.80E-01,3.56E-04,0.180356
4.999999999999999289e+01,0.000000000000000000e+00,7.500000000000001137e+02,0.000000000000000000e+00,0.000000000000000000e+00,1.000000000000000056e-01,1.000000000000000056e-01,0.000000000000000000e+00,0.000000000000000000e+00,0.000000000000000000e+00,0.000000000000000000e+00,0.000000000000000000e+00,0.000000000000000000e+00,1.204503540258782343e-04,0.000000000000000000e+00,1.80E-01,2.98E-04,0.18029799999999999
4.999999999999999289e+01,0.000000000000000000e+00,7.500000000000001137e+02,0.000000000000000000e+00,0.000000000000000000e+00,1.000000000000000056e-01,1.000000000000000056e-01,0.000000000000000000e+00,0.000000000000000000e+00,0.000000000000000000e+00,0.000000000000000000e+00,0.000000000000000000e+00,0.000000000000000000e+00,1.321941148466028784e-04,0.000000000000000000e+00,1.80E-01,2.49E-04,0.180249
4.999999999999999289e+01,0.000000000000000000e+00,7.500000000000001137e+02,0.000000000000000000e+00,0.000000000000000000e+00,1.000000000000000056e-01,1.000000000000000056e-01,0.000000000000000000e+00,0.000000000000000000e+00,0.000000000000000000e+00,0.000000000000000000e+00,0.000000000000000000e+00,0.000000000000000000e+00,1.450828778495940057e-04,0.000000000000000000e+00,1.80E-01,2.08E-04,0.180208
4.999999999999999289e+01,0.000000000000000000e+00,7.500000000000001137e+02,0.000000000000000000e+00,0.000000000000000000e+00,1.000000000000000056e-01,1.000000000000000056e-01,0.000000000000000000e+00,0.000000000000000000e+00,0.000000000000000000e+00,0.000000000000000000e+00,0.000000000000000000e+00,0.000000000000000000e+00,1.592282793341092296e-04,0.000000000000000000e+00,1.80E-01,1.74E-04,0.180174
4.999999999999999289e+01,0.000000000000000000e+00,7.500000000000001137e+02,0.000000000000000000e+00,0.000000000000000000e+00,1.000000000000000056e-01,1.000000000000000056e-01,0.000000000000000000e+00,0.000000000000000000e+00,0.000000000000000000e+00,0.000000000000000000e+00,0.000000000000000000e+00,0.000000000000000000e+00,1.747528400007682938e-04,0.000000000000000000e+00,1.80E-01,1.45E-04,0.180145
4.999999999999999289e+01,0.000000000000000000e+00,7.500000000000001137e+02,0.000000000000000000e+00,0.000000000000000000e+00,1.000000000000000056e-01,1.000000000000000056e-01,0.000000000000000000e+00,0.000000000000000000e+00,0.000000000000000000e+00,0.000000000000000000e+00,0.000000000000000000e+00,0.000000000000000000e+00,1.917910261672488628e-04,0.000000000000000000e+00,1.80E-01,1.21E-04,0.180121
4.999999999999999289e+01,0.000000000000000000e+00,7.500000000000001137e+02,0.000000000000000000e+00,0.000000000000000000e+00,1.000000000000000056e-01,1.000000000000000056e-01,0.000000000000000000e+00,0.000000000000000000e+00,0.000000000000000000e+00,0.000000000000000000e+00,0.000000000000000000e+00,0.000000000000000000e+00,2.104904144512019808e-04,0.000000000000000000e+00,1.80E-01,1.01E-04,0.18010099999999998
4.999999999999999289e+01,0.000000000000000000e+00,7.500000000000001137e+02,0.000000000000000000e+00,0.000000000000000000e+00,1.000000000000000056e-01,1.000000000000000056e-01,0.000000000000000000e+00,0.000000000000000000e+00,0.000000000000000000e+00,0.000000000000000000e+00,0.000000000000000000e+00,0.000000000000000000e+00,2.310129700083160510e-04,0.000000000000000000e+00,1.80E-01,8.45E-05,0.18008449999999998
4.999999999999999289e+01,0.000000000000000000e+00,7.500000000000001137e+02,0.000000000000000000e+00,0.000000000000000000e+00,1.000000000000000056e-01,1.000000000000000056e-01,0.000000000000000000e+00,0.000000000000000000e+00,0.000000000000000000e+00,0.000000000000000000e+00,0.000000000000000000e+00,0.000000000000000000e+00,2.535364493970111472e-04,0.000000000000000000e+00,1.80E-01,7.05E-05,0.1800705
4.999999999999999289e+01,0.000000000000000000e+00,7.500000000000001137e+02,0.000000000000000000e+00,0.000000000000000000e+00,1.000000000000000056e-01,1.000000000000000056e-01,0.000000000000000000e+00,0.000000000000000000e+00,0.000000000000000000e+00,0.000000000000000000e+00,0.000000000000000000e+00,0.000000000000000000e+00,2.782559402207125773e-04,0.000000000000000000e+00,1.80E-01,5.89E-05,0.1800589
4.999999999999999289e+01,0.000000000000000000e+00,7.500000000000001137e+02,0.000000000000000000e+00,0.000000000000000000e+00,1.000000000000000056e-01,1.000000000000000056e-01,0.000000000000000000e+00,0.000000000000000000e+00,0.000000000000000000e+00,0.000000000000000000e+00,0.000000000000000000e+00,0.000000000000000000e+00,3.053855508833415791e-04,0.000000000000000000e+00,1.80E-01,4.92E-05,0.1800492
4.999999999999999289e+01,0.000000000000000000e+00,7.500000000000001137e+02,0.000000000000000000e+00,0.000000000000000000e+00,1.000000000000000056e-01,1.000000000000000056e-01,0.000000000000000000e+00,0.000000000000000000e+00,0.000000000000000000e+00,0.000000000000000000e+00,0.000000000000000000e+00,0.000000000000000000e+00,3.351602650938841099e-04,0.000000000000000000e+00,1.80E-01,4.11E-05,0.18004109999999998
4.999999999999999289e+01,0.000000000000000000e+00,7.500000000000001137e+02,0.000000000000000000e+00,0.000000000000000000e+00,1.000000000000000056e-01,1.000000000000000056e-01,0.000000000000000000e+00,0.000000000000000000e+00,0.000000000000000000e+00,0.000000000000000000e+00,0.000000000000000000e+00,0.000000000000000000e+00,3.678379771828634167e-04,0.000000000000000000e+00,1.80E-01,3.43E-05,0.18003429999999998
4.999999999999999289e+01,0.000000000000000000e+00,7.500000000000001137e+02,0.000000000000000000e+00,0.000000000000000000e+00,1.000000000000000056e-01,1.000000000000000056e-01,0.000000000000000000e+00,0.000000000000000000e+00,0.000000000000000000e+00,0.000000000000000000e+00,0.000000000000000000e+00,0.000000000000000000e+00,4.037017258596553842e-04,0.000000000000000000e+00,1.80E-01,2.87E-05,0.18002869999999999
4.999999999999999289e+01,0.000000000000000000e+00,7.500000000000001137e+02,0.000000000000000000e+00,0.000000000000000000e+00,1.000000000000000056e-01,1.000000000000000056e-01,0.000000000000000000e+00,0.000000000000000000e+00,0.000000000000000000e+00,0.000000000000000000e+00,0.000000000000000000e+00,0.000000000000000000e+00,4.430621457583881957e-04,0.000000000000000000e+00,1.80E-01,2.39E-05,0.1800239
4.999999999999999289e+01,0.000000000000000000e+00,7.500000000000001137e+02,0.000000000000000000e+00,0.000000000000000000e+00,1.000000000000000056e-01,1.000000000000000056e-01,0.000000000000000000e+00,0.000000000000000000e+00,0.000000000000000000e+00,0.000000000000000000e+00,0.000000000000000000e+00,0.000000000000000000e+00,4.862601580065353422e-04,0.000000000000000000e+00,1.80E-01,2.00E-05,0.18001999999999999
4.999999999999999289e+01,0.000000000000000000e+00,7.500000000000001137e+02,0.000000000000000000e+00,0.000000000000000000e+00,1.000000000000000056e-01,1.000000000000000056e-01,0.000000000000000000e+00,0.000000000000000000e+00,0.000000000000000000e+00,0.000000000000000000e+00,0.000000000000000000e+00,0.000000000000000000e+00,5.336699231206312212e-04,0.000000000000000000e+00,1.80E-01,1.67E-05,0.1800167
4.999999999999999289e+01,0.000000000000000000e+00,7.500000000000001137e+02,0.000000000000000000e+00,0.000000000000000000e+00,1.000000000000000056e-01,1.000000000000000056e-01,0.000000000000000000e+00,0.000000000000000000e+00,0.000000000000000000e+00,0.000000000000000000e+00,0.000000000000000000e+00,0.000000000000000000e+00,5.857020818056667437e-04,0.000000000000000000e+00,1.80E-01,1.39E-05,0.1800139
4.999999999999999289e+01,0.000000000000000000e+00,7.500000000000001137e+02,0.000000000000000000e+00,0.000000000000000000e+00,1.000000000000000056e-01,1.000000000000000056e-01,0.000000000000000000e+00,0.000000000000000000e+00,0.000000000000000000e+00,0.000000000000000000e+00,0.000000000000000000e+00,0.000000000000000000e+00,6.428073117284319269e-04,0.000000000000000000e+00,1.80E-01,1.16E-05,0.1800116
4.999999999999999289e+01,0.000000000000000000e+00,7.500000000000001137e+02,0.000000000000000000e+00,0.000000000000000000e+00,1.000000000000000056e-01,1.000000000000000056e-01,0.000000000000000000e+00,0.000000000000000000e+00,0.000000000000000000e+00,0.000000000000000000e+00,0.000000000000000000e+00,0.000000000000000000e+00,7.054802310718645249e-04,0.000000000000000000e+00,1.80E-01,9.72E-06,0.18000971999999998
4.999999999999999289e+01,0.000000000000000000e+00,7.500000000000001137e+02,0.000000000000000000e+00,0.000000000000000000e+00,1.000000000000000056e-01,1.000000000000000056e-01,0.000000000000000000e+00,0.000000000000000000e+00,0.000000000000000000e+00,0.000000000000000000e+00,0.000000000000000000e+00,0.000000000000000000e+00,7.742636826811269846e-04,0.000000000000000000e+00,1.80E-01,8.11E-06,0.18000811
4.999999999999999289e+01,0.000000000000000000e+00,7.500000000000001137e+02,0.000000000000000000e+00,0.000000000000000000e+00,1.000000000000000056e-01,1.000000000000000056e-01,0.000000000000000000e+00,0.000000000000000000e+00,0.000000000000000000e+00,0.000000000000000000e+00,0.000000000000000000e+00,0.000000000000000000e+00,8.497534359086446505e-04,0.000000000000000000e+00,1.80E-01,6.76E-06,0.18000676
4.999999999999999289e+01,0.000000000000000000e+00,7.500000000000001137e+02,0.000000000000000000e+00,0.000000000000000000e+00,1.000000000000000056e-01,1.000000000000000056e-01,0.000000000000000000e+00,0.000000000000000000e+00,0.000000000000000000e+00,0.000000000000000000e+00,0.000000000000000000e+00,0.000000000000000000e+00,9.326033468832199040e-04,0.000000000000000000e+00,1.80E-01,5.65E-06,0.18000565
4.999999999999999289e+01,0.000000000000000000e+00,7.500000000000001137e+02,0.000000000000000000e+00,0.000000000000000000e+00,1.000000000000000056e-01,1.000000000000000056e-01,0.000000000000000000e+00,0.000000000000000000e+00,0.000000000000000000e+00,0.000000000000000000e+00,0.000000000000000000e+00,0.000000000000000000e+00,1.023531021899026913e-03,0.000000000000000000e+00,1.80E-01,4.71E-06,0.18000470999999998
4.999999999999999289e+01,0.000000000000000000e+00,7.500000000000001137e+02,0.000000000000000000e+00,0.000000000000000000e+00,1.000000000000000056e-01,1.000000000000000056e-01,0.000000000000000000e+00,0.000000000000000000e+00,0.000000000000000000e+00,0.000000000000000000e+00,0.000000000000000000e+00,0.000000000000000000e+00,1.123324032978027624e-03,0.000000000000000000e+00,1.80E-01,3.93E-06,0.18000393
4.999999999999999289e+01,0.000000000000000000e+00,7.500000000000001137e+02,0.000000000000000000e+00,0.000000000000000000e+00,1.000000000000000056e-01,1.000000000000000056e-01,0.000000000000000000e+00,0.000000000000000000e+00,0.000000000000000000e+00,0.000000000000000000e+00,0.000000000000000000e+00,0.000000000000000000e+00,1.232846739442065853e-03,0.000000000000000000e+00,1.80E-01,3.28E-06,0.18000328
4.999999999999999289e+01,0.000000000000000000e+00,7.500000000000001137e+02,0.000000000000000000e+00,0.000000000000000000e+00,1.000000000000000056e-01,1.000000000000000056e-01,0.000000000000000000e+00,0.000000000000000000e+00,0.000000000000000000e+00,0.000000000000000000e+00,0.000000000000000000e+00,0.000000000000000000e+00,1.353047774579807646e-03,0.000000000000000000e+00,1.80E-01,2.74E-06,0.18000274
4.999999999999999289e+01,0.000000000000000000e+00,7.500000000000001137e+02,0.000000000000000000e+00,0.000000000000000000e+00,1.000000000000000056e-01,1.000000000000000056e-01,0.000000000000000000e+00,0.000000000000000000e+00,0.000000000000000000e+00,0.000000000000000000e+00,0.000000000000000000e+00,0.000000000000000000e+00,1.484968262254465028e-03,0.000000000000000000e+00,1.80E-01,2.29E-06,0.18000228999999998
4.999999999999999289e+01,0.000000000000000000e+00,7.500000000000001137e+02,0.000000000000000000e+00,0.000000000000000000e+00,1.000000000000000056e-01,1.000000000000000056e-01,0.000000000000000000e+00,0.000000000000000000e+00,0.000000000000000000e+00,0.000000000000000000e+00,0.000000000000000000e+00,0.000000000000000000e+00,1.629750834620643553e-03,0.000000000000000000e+00,1.80E-01,1.91E-06,0.18000191
4.999999999999999289e+01,0.000000000000000000e+00,7.500000000000001137e+02,0.000000000000000000e+00,0.000000000000000000e+00,1.000000000000000056e-01,1.000000000000000056e-01,0.000000000000000000e+00,0.000000000000000000e+00,0.000000000000000000e+00,0.000000000000000000e+00,0.000000000000000000e+00,0.000000000000000000e+00,1.788649529057435026e-03,0.000000000000000000e+00,1.80E-01,1.59E-06,0.18000159
4.999999999999999289e+01,0.000000000000000000e+00,7.500000000000001137e+02,0.000000000000000000e+00,0.000000000000000000e+00,1.000000000000000056e-01,1.000000000000000056e-01,0.000000000000000000e+00,0.000000000000000000e+00,0.000000000000000000e+00,0.000000000000000000e+00,0.000000000000000000e+00,0.000000000000000000e+00,1.963040650040272575e-03,0.000000000000000000e+00,1.80E-01,1.33E-06,0.18000133
4.999999999999999289e+01,0.000000000000000000e+00,7.500000000000001137e+02,0.000000000000000000e+00,0.000000000000000000e+00,1.000000000000000056e-01,1.000000000000000056e-01,0.000000000000000000e+00,0.000000000000000000e+00,0.000000000000000000e+00,0.000000000000000000e+00,0.000000000000000000e+00,0.000000000000000000e+00,2.154434690031884272e-03,0.000000000000000000e+00,1.80E-01,1.11E-06,0.18000111
4.999999999999999289e+01,0.000000000000000000e+00,7.500000000000001137e+02,0.000000000000000000e+00,0.000000000000000000e+00,1.000000000000000056e-01,1.000000000000000056e-01,0.000000000000000000e+00,0.000000000000000000e+00,0.000000000000000000e+00,0.000000000000000000e+00,0.000000000000000000e+00,0.000000000000000000e+00,2.364489412645406994e-03,0.000000000000000000e+00,1.80E-01,9.26E-07,0.180000926
4.999999999999999289e+01,0.000000000000000000e+00,7.500000000000001137e+02,0.000000000000000000e+00,0.000000000000000000e+00,1.000000000000000056e-01,1.000000000000000056e-01,0.000000000000000000e+00,0.000000000000000000e+00,0.000000000000000000e+00,0.000000000000000000e+00,0.000000000000000000e+00,0.000000000000000000e+00,2.595024211399737154e-03,0.000000000000000000e+00,1.80E-01,7.73E-07,0.180000773
4.999999999999999289e+01,0.000000000000000000e+00,7.500000000000001137e+02,0.000000000000000000e+00,0.000000000000000000e+00,1.000000000000000056e-01,1.000000000000000056e-01,0.000000000000000000e+00,0.000000000000000000e+00,0.000000000000000000e+00,0.000000000000000000e+00,0.000000000000000000e+00,0.000000000000000000e+00,2.848035868435802066e-03,0.000000000000000000e+00,1.80E-01,6.45E-07,0.180000645
4.999999999999999289e+01,0.000000000000000000e+00,7.500000000000001137e+02,0.000000000000000000e+00,0.000000000000000000e+00,1.000000000000000056e-01,1.000000000000000056e-01,0.000000000000000000e+00,0.000000000000000000e+00,0.000000000000000000e+00,0.000000000000000000e+00,0.000000000000000000e+00,0.000000000000000000e+00,3.125715849688235400e-03,0.000000000000000000e+00,1.80E-01,5.38E-07,0.180000538
4.999999999999999289e+01,0.000000000000000000e+00,7.500000000000001137e+02,0.000000000000000000e+00,0.000000000000000000e+00,1.000000000000000056e-01,1.000000000000000056e-01,0.000000000000000000e+00,0.000000000000000000e+00,0.000000000000000000e+00,0.000000000000000000e+00,0.000000000000000000e+00,0.000000000000000000e+00,3.430469286314919049e-03,0.000000000000000000e+00,1.80E-01,4.49E-07,0.180000449
4.999999999999999289e+01,0.000000000000000000e+00,7.500000000000001137e+02,0.000000000000000000e+00,0.000000000000000000e+00,1.000000000000000056e-01,1.000000000000000056e-01,0.000000000000000000e+00,0.000000000000000000e+00,0.000000000000000000e+00,0.000000000000000000e+00,0.000000000000000000e+00,0.000000000000000000e+00,3.764935806792471442e-03,0.000000000000000000e+00,1.80E-01,3.75E-07,0.180000375
4.999999999999999289e+01,0.000000000000000000e+00,7.500000000000001137e+02,0.000000000000000000e+00,0.000000000000000000e+00,1.000000000000000056e-01,1.000000000000000056e-01,0.000000000000000000e+00,0.000000000000000000e+00,0.000000000000000000e+00,0.000000000000000000e+00,0.000000000000000000e+00,0.000000000000000000e+00,4.132012400115338442e-03,0.000000000000000000e+00,1.80E-01,3.13E-07,0.180000313
4.999999999999999289e+01,0.000000000000000000e+00,7.500000000000001137e+02,0.000000000000000000e+00,0.000000000000000000e+00,1.000000000000000056e-01,1.000000000000000056e-01,0.000000000000000000e+00,0.000000000000000000e+00,0.000000000000000000e+00,0.000000000000000000e+00,0.000000000000000000e+00,0.000000000000000000e+00,4.534878508128581745e-03,0.000000000000000000e+00,1.80E-01,2.61E-07,0.180000261
4.999999999999999289e+01,0.000000000000000000e+00,7.500000000000001137e+02,0.000000000000000000e+00,0.000000000000000000e+00,1.000000000000000056e-01,1.000000000000000056e-01,0.000000000000000000e+00,0.000000000000000000e+00,0.000000000000000000e+00,0.000000000000000000e+00,0.000000000000000000e+00,0.000000000000000000e+00,4.977023564332113716e-03,0.000000000000000000e+00,1.80E-01,2.18E-07,0.180000218
4.999999999999999289e+01,0.000000000000000000e+00,7.500000000000001137e+02,0.000000000000000000e+00,0.000000000000000000e+00,1.000000000000000056e-01,1.000000000000000056e-01,0.000000000000000000e+00,0.000000000000000000e+00,0.000000000000000000e+00,0.000000000000000000e+00,0.000000000000000000e+00,0.000000000000000000e+00,5.462277217684342531e-03,0.000000000000000000e+00,1.80E-01,1.82E-07,0.18000018199999998
4.999999999999999289e+01,0.000000000000000000e+00,7.500000000000001137e+02,0.000000000000000000e+00,0.000000000000000000e+00,1.000000000000000056e-01,1.000000000000000056e-01,0.000000000000000000e+00,0.000000000000000000e+00,0.000000000000000000e+00,0.000000000000000000e+00,0.000000000000000000e+00,0.000000000000000000e+00,5.994842503189408769e-03,0.000000000000000000e+00,1.80E-01,1.51E-07,0.180000151
4.999999999999999289e+01,0.000000000000000000e+00,7.500000000000001137e+02,0.000000000000000000e+00,0.000000000000000000e+00,1.000000000000000056e-01,1.000000000000000056e-01,0.000000000000000000e+00,0.000000000000000000e+00,0.000000000000000000e+00,0.000000000000000000e+00,0.000000000000000000e+00,0.000000000000000000e+00,6.579332246575681983e-03,0.000000000000000000e+00,1.80E-01,1.26E-07,0.18000012599999998
4.999999999999999289e+01,0.000000000000000000e+00,7.500000000000001137e+02,0.000000000000000000e+00,0.000000000000000000e+00,1.000000000000000056e-01,1.000000000000000056e-01,0.000000000000000000e+00,0.000000000000000000e+00,0.000000000000000000e+00,0.000000000000000000e+00,0.000000000000000000e+00,0.000000000000000000e+00,7.220809018385471005e-03,0.000000000000000000e+00,1.80E-01,1.05E-07,0.180000105
4.999999999999999289e+01,0.000000000000000000e+00,7.500000000000001137e+02,0.000000000000000000e+00,0.000000000000000000e+00,1.000000000000000056e-01,1.000000000000000056e-01,0.000000000000000000e+00,0.000000000000000000e+00,0.000000000000000000e+00,0.000000000000000000e+00,0.000000000000000000e+00,0.000000000000000000e+00,7.924828983539177266e-03,0.000000000000000000e+00,1.80E-01,8.79E-08,0.1800000879
4.999999999999999289e+01,0.000000000000000000e+00,7.500000000000001137e+02,0.000000000000000000e+00,0.000000000000000000e+00,1.000000000000000056e-01,1.000000000000000056e-01,0.000000000000000000e+00,0.000000000000000000e+00,0.000000000000000000e+00,0.000000000000000000e+00,0.000000000000000000e+00,0.000000000000000000e+00,8.697490026177834635e-03,0.000000000000000000e+00,1.80E-01,7.36E-08,0.1800000736
4.999999999999999289e+01,0.000000000000000000e+00,7.500000000000001137e+02,0.000000000000000000e+00,0.000000000000000000e+00,1.000000000000000056e-01,1.000000000000000056e-01,0.000000000000000000e+00,0.000000000000000000e+00,0.000000000000000000e+00,0.000000000000000000e+00,0.000000000000000000e+00,0.000000000000000000e+00,9.545484566618347641e-03,0.000000000000000000e+00,1.80E-01,6.13E-08,0.18000006129999999
4.999999999999999289e+01,0.000000000000000000e+00,7.500000000000001137e+02,0.000000000000000000e+00,0.000000000000000000e+00,1.000000000000000056e-01,1.000000000000000056e-01,0.000000000000000000e+00,0.000000000000000000e+00,0.000000000000000000e+00,0.000000000000000000e+00,0.000000000000000000e+00,0.000000000000000000e+00,1.047615752789665157e-02,0.000000000000000000e+00,1.80E-01,5.11E-08,0.1800000511
4.999999999999999289e+01,0.000000000000000000e+00,7.500000000000001137e+02,0.000000000000000000e+00,0.000000000000000000e+00,1.000000000000000056e-01,1.000000000000000056e-01,0.000000000000000000e+00,0.000000000000000000e+00,0.000000000000000000e+00,0.000000000000000000e+00,0.000000000000000000e+00,0.000000000000000000e+00,1.149756995397736847e-02,0.000000000000000000e+00,1.80E-01,4.26E-08,0.1800000426
4.999999999999999289e+01,0.000000000000000000e+00,7.500000000000001137e+02,0.000000000000000000e+00,0.000000000000000000e+00,1.000000000000000056e-01,1.000000000000000056e-01,0.000000000000000000e+00,0.000000000000000000e+00,0.000000000000000000e+00,0.000000000000000000e+00,0.000000000000000000e+00,0.000000000000000000e+00,1.261856883066021090e-02,0.000000000000000000e+00,1.80E-01,3.55E-08,0.1800000355
4.999999999999999289e+01,0.000000000000000000e+00,7.500000000000001137e+02,0.000000000000000000e+00,0.000000000000000000e+00,1.000000000000000056e-01,1.000000000000000056e-01,0.000000000000000000e+00,0.000000000000000000e+00,0.000000000000000000e+00,0.000000000000000000e+00,0.000000000000000000e+00,0.000000000000000000e+00,1.384886371393873224e-02,0.000000000000000000e+00,1.80E-01,2.96E-08,0.1800000296
4.999999999999999289e+01,0.000000000000000000e+00,7.500000000000001137e+02,0.000000000000000000e+00,0.000000000000000000e+00,1.000000000000000056e-01,1.000000000000000056e-01,0.000000000000000000e+00,0.000000000000000000e+00,0.000000000000000000e+00,0.000000000000000000e+00,0.000000000000000000e+00,0.000000000000000000e+00,1.519911082952934631e-02,0.000000000000000000e+00,1.80E-01,2.47E-08,0.18000002469999998
4.999999999999999289e+01,0.000000000000000000e+00,7.500000000000001137e+02,0.000000000000000000e+00,0.000000000000000000e+00,1.000000000000000056e-01,1.000000000000000056e-01,0.000000000000000000e+00,0.000000000000000000e+00,0.000000000000000000e+00,0.000000000000000000e+00,0.000000000000000000e+00,0.000000000000000000e+00,1.668100537200059227e-02,0.000000000000000000e+00,1.80E-01,2.06E-08,0.1800000206
4.999999999999999289e+01,0.000000000000000000e+00,7.500000000000001137e+02,0.000000000000000000e+00,0.000000000000000000e+00,1.000000000000000056e-01,1.000000000000000056e-01,0.000000000000000000e+00,0.000000000000000000e+00,0.000000000000000000e+00,0.000000000000000000e+00,0.000000000000000000e+00,0.000000000000000000e+00,1.830738280295369710e-02,0.000000000000000000e+00,1.80E-01,1.72E-08,0.1800000172
4.999999999999999289e+01,0.000000000000000000e+00,7.500000000000001137e+02,0.000000000000000000e+00,0.000000000000000000e+00,1.000000000000000056e-01,1.000000000000000056e-01,0.000000000000000000e+00,0.000000000000000000e+00,0.000000000000000000e+00,0.000000000000000000e+00,0.000000000000000000e+00,0.000000000000000000e+00,2.009233002565048026e-02,0.000000000000000000e+00,1.80E-01,1.43E-08,0.18000001429999998
4.999999999999999289e+01,0.000000000000000000e+00,7.500000000000001137e+02,0.000000000000000000e+00,0.000000000000000000e+00,1.000000000000000056e-01,1.000000000000000056e-01,0.000000000000000000e+00,0.000000000000000000e+00,0.000000000000000000e+00,0.000000000000000000e+00,0.000000000000000000e+00,0.000000000000000000e+00,2.205130739903045714e-02,0.000000000000000000e+00,1.80E-01,1.20E-08,0.180000012
4.999999999999999289e+01,0.000000000000000000e+00,7.500000000000001137e+02,0.000000000000000000e+00,0.000000000000000000e+00,1.000000000000000056e-01,1.000000000000000056e-01,0.000000000000000000e+00,0.000000000000000000e+00,0.000000000000000000e+00,0.000000000000000000e+00,0.000000000000000000e+00,0.000000000000000000e+00,2.420128264794383505e-02,0.000000000000000000e+00,1.80E-01,1.00E-08,0.18000001
4.999999999999999289e+01,0.000000000000000000e+00,7.500000000000001137e+02,0.000000000000000000e+00,0.000000000000000000e+00,1.000000000000000056e-01,1.000000000000000056e-01,0.000000000000000000e+00,0.000000000000000000e+00,0.000000000000000000e+00,0.000000000000000000e+00,0.000000000000000000e+00,0.000000000000000000e+00,2.656087782946686682e-02,0.000000000000000000e+00,1.80E-01,8.33E-09,0.18000000833
